{
  "protocol_version" : "0.0.6",
  "configuration" : {
    "version" : "(6.10.0.104) (2019-12/5d03a6fe116)",
    "tlc" : "normal",
    "sigsgev" : "altstack",
    "notifications" : "kqueue",
    "architecture" : "amd64",
    "disabled_features" : "none",
    "smallconfig" : "disabled",
    "bigarrays" : "disabled",
    "softdebug" : "enabled",
    "interpreter" : "enabled",
    "llvm_support" : "0",
    "suspend" : "hybrid"
  },
  "memory" : {
    "Resident Size" : "30253056",
    "Virtual Size" : "34900729856",
    "minor_gc_time" : "72280798",
    "major_gc_time" : "0",
    "minor_gc_count" : "4",
    "major_gc_count" : "0",
    "major_gc_time_concurrent" : "0"
 },
  "threads" : [
 {
    "is_managed" : true,
    "offset_free_hash" : "0x2bc38b05f",
    "offset_rich_hash" : "0x2bc38b0b4",
    "crashed" : false,
    "native_thread_id" : "0x700008461000",
    "thread_info_addr" : "0x7fea6b8ee400",
    "thread_name" : "Timer-Scheduler",
    "ctx" : {
      "IP" : "0x7ff80707baaa",
      "SP" : "0x700008460118",
      "BP" : "0x7000084601b0"
  },
    "managed_frames" : [
  {
      "is_managed" : "false",
      "native_address" : "unregistered"
   }
,
  {
      "is_managed" : "true",
      "guid" : "55ADAE45-46CD-485B-A70E-2948332EBE8C",
      "token" : "0x00000",
      "native_offset" : "0x0",
      "filename" : "mscorlib.dll",
      "sizeofimage" : "0x474000",
      "timestamp" : "0xcdf122ed",
      "il_offset" : "0x00000"
   }
,
  {
      "is_managed" : "true",
      "guid" : "55ADAE45-46CD-485B-A70E-2948332EBE8C",
      "token" : "0x6001ecb",
      "native_offset" : "0x0",
      "filename" : "mscorlib.dll",
      "sizeofimage" : "0x474000",
      "timestamp" : "0xcdf122ed",
      "il_offset" : "0x0002b"
   }
,
  {
      "is_managed" : "true",
      "guid" : "55ADAE45-46CD-485B-A70E-2948332EBE8C",
      "token" : "0x00000",
      "native_offset" : "0x0",
      "filename" : "mscorlib.dll",
      "sizeofimage" : "0x474000",
      "timestamp" : "0xcdf122ed",
      "il_offset" : "0x0002a"
   }

  ],
  "unmanaged_frames" : [
 {
    "is_managed" : "false",
    "native_address" : "0x102b2c346",
    "native_offset" : "0x00000"
  }
,
 {
    "is_managed" : "false",
    "native_address" : "0x102cc6aa5",
    "native_offset" : "0x00000"
  }
,
 {
    "is_managed" : "false",
    "native_address" : "0x102cc67d7",
    "native_offset" : "0x00000"
  }
,
 {
    "is_managed" : "false",
    "native_address" : "0x102b97ce0",
    "native_offset" : "0x00000"
  }
,
 {
    "is_managed" : "false",
    "native_address" : "0x7ff8070f0e1d",
    "native_offset" : "0x00000"
  }
,
 {
    "is_managed" : "false",
    "native_address" : "0x7fea6d11cc40",
    "native_offset" : "0x00000"
  }
,
 {
    "is_managed" : "false",
    "native_address" : "0x102d7f314",
    "native_offset" : "0x00000"
  }
,
 {
    "is_managed" : "false",
    "native_address" : "0x102ce5f49",
    "native_offset" : "0x00000"
  }
,
 {
    "is_managed" : "false",
    "native_address" : "0x102ce5e11",
    "native_offset" : "0x00000"
  }
,
 {
    "is_managed" : "false",
    "native_address" : "0x102ce6089",
    "native_offset" : "0x00000"
  }
,
 {
    "is_managed" : "false",
    "native_address" : "0x102cc0d0d",
    "native_offset" : "0x00000"
  }
,
 {
    "is_managed" : "false",
    "native_address" : "0x102c5a288",
    "native_offset" : "0x00000"
  }
,
 {
    "is_managed" : "true",
    "guid" : "55ADAE45-46CD-485B-A70E-2948332EBE8C",
    "token" : "0x00000",
    "native_offset" : "0x0",
    "filename" : "mscorlib.dll",
    "sizeofimage" : "0x474000",
    "timestamp" : "0xcdf122ed",
    "il_offset" : "0x00000"
  }
,
 {
    "is_managed" : "true",
    "guid" : "(null)",
    "token" : "0x00000",
    "native_offset" : "0x0",
    "filename" : "(null)",
    "sizeofimage" : "0x0",
    "timestamp" : "0x0",
    "il_offset" : "0x00000"
  }
,
 {
    "is_managed" : "true",
    "guid" : "(null)",
    "token" : "0x00000",
    "native_offset" : "0x0",
    "filename" : "(null)",
    "sizeofimage" : "0x0",
    "timestamp" : "0x0",
    "il_offset" : "0x00000"
  }
,
 {
    "is_managed" : "true",
    "guid" : "(null)",
    "token" : "0x00000",
    "native_offset" : "0x0",
    "filename" : "(null)",
    "sizeofimage" : "0x0",
    "timestamp" : "0x0",
    "il_offset" : "0x00000"
  }
,
 {
    "is_managed" : "false",
    "native_address" : "0x102a8eae2",
    "native_offset" : "0x00000"
  }
,
 {
    "is_managed" : "false",
    "native_address" : "0x102c9c967",
    "native_offset" : "0x00000"
  }
,
 {
    "is_managed" : "false",
    "native_address" : "0x102ca3210",
    "native_offset" : "0x00000"
  }
,
 {
    "is_managed" : "false",
    "native_address" : "0x102cc772d",
    "native_offset" : "0x00000"
  }
,
 {
    "is_managed" : "false",
    "native_address" : "0x7ff8070ba253",
    "native_offset" : "0x00000"
  }
,
 {
    "is_managed" : "false",
    "native_address" : "0x7ff8070b5bef",
    "native_offset" : "0x00000"
  }

 ]
},
{
  "is_managed" : false,
  "offset_free_hash" : "0x0",
  "offset_rich_hash" : "0x0",
  "crashed" : false,
  "native_thread_id" : "0x700008a6a000",
  "thread_info_addr" : "0x7fea6c3b6c00",
  "thread_name" : "Thread Pool Worker",
  "ctx" : {
    "IP" : "0x7ff807078ea2",
    "SP" : "0x700008a69e98",
    "BP" : "0x700008a69f00"
 },
  "unmanaged_frames" : [
 {
    "is_managed" : "false",
    "native_address" : "0x102b2c346",
    "native_offset" : "0x00000"
  }
,
 {
    "is_managed" : "false",
    "native_address" : "0x102cc6aa5",
    "native_offset" : "0x00000"
  }
,
 {
    "is_managed" : "false",
    "native_address" : "0x102cc67d7",
    "native_offset" : "0x00000"
  }
,
 {
    "is_managed" : "false",
    "native_address" : "0x102b97ce0",
    "native_offset" : "0x00000"
  }
,
 {
    "is_managed" : "false",
    "native_address" : "0x7ff8070f0e1d",
    "native_offset" : "0x00000"
  }
,
 {
    "is_managed" : "false",
    "native_address" : "unregistered"
  }
,
 {
    "is_managed" : "false",
    "native_address" : "0x102cc76ed",
    "native_offset" : "0x00000"
  }
,
 {
    "is_managed" : "false",
    "native_address" : "0x7ff8070ba253",
    "native_offset" : "0x00000"
  }
,
 {
    "is_managed" : "false",
    "native_address" : "0x7ff8070b5bef",
    "native_offset" : "0x00000"
  }

 ]
},
{
  "is_managed" : false,
  "offset_free_hash" : "0x0",
  "offset_rich_hash" : "0x0",
  "crashed" : false,
  "native_thread_id" : "0x700009073000",
  "thread_info_addr" : "0x7fea6d113200",
  "thread_name" : "tid_2e3f",
  "ctx" : {
    "IP" : "0x7ff807078ea2",
    "SP" : "0x700009072e98",
    "BP" : "0x700009072f00"
 },
  "unmanaged_frames" : [
 {
    "is_managed" : "false",
    "native_address" : "0x102b2c346",
    "native_offset" : "0x00000"
  }
,
 {
    "is_managed" : "false",
    "native_address" : "0x102cc6aa5",
    "native_offset" : "0x00000"
  }
,
 {
    "is_managed" : "false",
    "native_address" : "0x102cc67d7",
    "native_offset" : "0x00000"
  }
,
 {
    "is_managed" : "false",
    "native_address" : "0x102b97ce0",
    "native_offset" : "0x00000"
  }
,
 {
    "is_managed" : "false",
    "native_address" : "0x7ff8070f0e1d",
    "native_offset" : "0x00000"
  }
,
 {
    "is_managed" : "false",
    "native_address" : "unregistered"
  }
,
 {
    "is_managed" : "false",
    "native_address" : "0x102cc76ed",
    "native_offset" : "0x00000"
  }
,
 {
    "is_managed" : "false",
    "native_address" : "0x7ff8070ba253",
    "native_offset" : "0x00000"
  }
,
 {
    "is_managed" : "false",
    "native_address" : "0x7ff8070b5bef",
    "native_offset" : "0x00000"
  }

 ]
},
{
  "is_managed" : false,
  "offset_free_hash" : "0x0",
  "offset_rich_hash" : "0x0",
  "crashed" : false,
  "native_thread_id" : "0x70000967c000",
  "thread_info_addr" : "0x7fea6d133a00",
  "thread_name" : "Thread Pool I/O Selector",
  "ctx" : {
    "IP" : "0x7ff807081dd2",
    "SP" : "0x70000967bc28",
    "BP" : "0x70000967bde0"
 },
  "unmanaged_frames" : [
 {
    "is_managed" : "false",
    "native_address" : "0x102b2c346",
    "native_offset" : "0x00000"
  }
,
 {
    "is_managed" : "false",
    "native_address" : "0x102cc6aa5",
    "native_offset" : "0x00000"
  }
,
 {
    "is_managed" : "false",
    "native_address" : "0x102cc67d7",
    "native_offset" : "0x00000"
  }
,
 {
    "is_managed" : "false",
    "native_address" : "0x102b97ce0",
    "native_offset" : "0x00000"
  }
,
 {
    "is_managed" : "false",
    "native_address" : "0x7ff8070f0e1d",
    "native_offset" : "0x00000"
  }
,
 {
    "is_managed" : "false",
    "native_address" : "0x1",
    "native_offset" : "0x00000"
  }
,
 {
    "is_managed" : "false",
    "native_address" : "0x102ccc303",
    "native_offset" : "0x00000"
  }
,
 {
    "is_managed" : "false",
    "native_address" : "0x102ccbc65",
    "native_offset" : "0x00000"
  }
,
 {
    "is_managed" : "false",
    "native_address" : "0x102cc76ed",
    "native_offset" : "0x00000"
  }
,
 {
    "is_managed" : "false",
    "native_address" : "0x7ff8070ba253",
    "native_offset" : "0x00000"
  }
,
 {
    "is_managed" : "false",
    "native_address" : "0x7ff8070b5bef",
    "native_offset" : "0x00000"
  }

 ]
},
{
  "is_managed" : true,
  "offset_free_hash" : "0x324a0c6fd",
  "offset_rich_hash" : "0x324a0c78c",
  "crashed" : false,
  "native_thread_id" : "0x70000a91a000",
  "thread_info_addr" : "0x7fea6ba00400",
  "thread_name" : "tid_6e03",
  "ctx" : {
    "IP" : "0x7ff807078f0e",
    "SP" : "0x70000a9189b8",
    "BP" : "0x70000a918a20"
 },
  "managed_frames" : [
 {
    "is_managed" : "false",
    "native_address" : "unregistered"
  }
,
 {
    "is_managed" : "true",
    "guid" : "2DBEFA87-77EF-42F6-960C-4D68F040AB92",
    "token" : "0x00000",
    "native_offset" : "0x0",
    "filename" : "System.dll",
    "sizeofimage" : "0x290000",
    "timestamp" : "0xaf2b192e",
    "il_offset" : "0x00000"
  }
,
 {
    "is_managed" : "true",
    "guid" : "2DBEFA87-77EF-42F6-960C-4D68F040AB92",
    "token" : "0x600447b",
    "native_offset" : "0x0",
    "filename" : "System.dll",
    "sizeofimage" : "0x290000",
    "timestamp" : "0xaf2b192e",
    "il_offset" : "0x0003a"
  }
,
 {
    "is_managed" : "true",
    "guid" : "55ADAE45-46CD-485B-A70E-2948332EBE8C",
    "token" : "0x6001ecb",
    "native_offset" : "0x0",
    "filename" : "mscorlib.dll",
    "sizeofimage" : "0x474000",
    "timestamp" : "0xcdf122ed",
    "il_offset" : "0x0002b"
  }
,
 {
    "is_managed" : "true",
    "guid" : "55ADAE45-46CD-485B-A70E-2948332EBE8C",
    "token" : "0x00000",
    "native_offset" : "0x0",
    "filename" : "mscorlib.dll",
    "sizeofimage" : "0x474000",
    "timestamp" : "0xcdf122ed",
    "il_offset" : "0x0002a"
  }

 ],
"unmanaged_frames" : [
{
  "is_managed" : "false",
  "native_address" : "0x102b2c346",
  "native_offset" : "0x00000"
 }
,
{
  "is_managed" : "false",
  "native_address" : "0x102cc6aa5",
  "native_offset" : "0x00000"
 }
,
{
  "is_managed" : "false",
  "native_address" : "0x102cc67d7",
  "native_offset" : "0x00000"
 }
,
{
  "is_managed" : "false",
  "native_address" : "0x102b97ce0",
  "native_offset" : "0x00000"
 }
,
{
  "is_managed" : "false",
  "native_address" : "0x7ff8070f0e1d",
  "native_offset" : "0x00000"
 }
,
{
  "is_managed" : "false",
  "native_address" : "unregistered"
 }
,
{
  "is_managed" : "false",
  "native_address" : "0x7ff807080016",
  "native_offset" : "0x00000"
 }
,
{
  "is_managed" : "false",
  "native_address" : "0x7ff8070791ff",
  "native_offset" : "0x00000"
 }
,
{
  "is_managed" : "false",
  "native_address" : "0x7ff8071a0de2",
  "native_offset" : "0x00000"
 }
,
{
  "is_managed" : "false",
  "native_address" : "0x7ff80719f80f",
  "native_offset" : "0x00000"
 }
,
{
  "is_managed" : "false",
  "native_address" : "0x7ff80719ec6e",
  "native_offset" : "0x00000"
 }
,
{
  "is_managed" : "false",
  "native_address" : "0x7ff807217a66",
  "native_offset" : "0x00000"
 }
,
{
  "is_managed" : "false",
  "native_address" : "0x108f31fcc",
  "native_offset" : "0x00000"
 }
,
{
  "is_managed" : "true",
  "guid" : "2DBEFA87-77EF-42F6-960C-4D68F040AB92",
  "token" : "0x00000",
  "native_offset" : "0x0",
  "filename" : "System.dll",
  "sizeofimage" : "0x290000",
  "timestamp" : "0xaf2b192e",
  "il_offset" : "0x00000"
 }
,
{
  "is_managed" : "true",
  "guid" : "(null)",
  "token" : "0x00000",
  "native_offset" : "0x0",
  "filename" : "(null)",
  "sizeofimage" : "0x0",
  "timestamp" : "0x0",
  "il_offset" : "0x00000"
 }
,
{
  "is_managed" : "true",
  "guid" : "(null)",
  "token" : "0x00000",
  "native_offset" : "0x0",
  "filename" : "(null)",
  "sizeofimage" : "0x0",
  "timestamp" : "0x0",
  "il_offset" : "0x00000"
 }
,
{
  "is_managed" : "false",
  "native_address" : "0x102a8eae2",
  "native_offset" : "0x00000"
 }
,
{
  "is_managed" : "false",
  "native_address" : "0x102c9c967",
  "native_offset" : "0x00000"
 }
,
{
  "is_managed" : "false",
  "native_address" : "0x102ca3210",
  "native_offset" : "0x00000"
 }
,
{
  "is_managed" : "false",
  "native_address" : "0x102cc772d",
  "native_offset" : "0x00000"
 }
,
{
  "is_managed" : "false",
  "native_address" : "0x7ff8070ba253",
  "native_offset" : "0x00000"
 }
,
{
  "is_managed" : "false",
  "native_address" : "0x7ff8070b5bef",
  "native_offset" : "0x00000"
 }

]
},
{
"is_managed" : false,
"offset_free_hash" : "0x0",
"offset_rich_hash" : "0x0",
"crashed" : false,
"native_thread_id" : "0x7ff849e0eb00",
"thread_info_addr" : "0x7fea6a008800",
"thread_name" : "tid_103",
"ctx" : {
  "IP" : "0x7ff80707baaa",
  "SP" : "0x7ff7bd4839d8",
  "BP" : "0x7ff7bd483a70"
},
"unmanaged_frames" : [
{
  "is_managed" : "false",
  "native_address" : "0x102b2c346",
  "native_offset" : "0x00000"
 }
,
{
  "is_managed" : "false",
  "native_address" : "0x102cc6aa5",
  "native_offset" : "0x00000"
 }
,
{
  "is_managed" : "false",
  "native_address" : "0x102cc67d7",
  "native_offset" : "0x00000"
 }
,
{
  "is_managed" : "false",
  "native_address" : "0x102b97ce0",
  "native_offset" : "0x00000"
 }
,
{
  "is_managed" : "false",
  "native_address" : "0x7ff8070f0e1d",
  "native_offset" : "0x00000"
 }
,
{
  "is_managed" : "false",
  "native_address" : "0x102b19a5d",
  "native_offset" : "0x00000"
 }
,
{
  "is_managed" : "false",
  "native_address" : "0x102d73430",
  "native_offset" : "0x00000"
 }
,
{
  "is_managed" : "false",
  "native_address" : "0x102d8b401",
  "native_offset" : "0x00000"
 }
,
{
  "is_managed" : "false",
  "native_address" : "0x102cc39e4",
  "native_offset" : "0x00000"
 }
,
{
  "is_managed" : "false",
  "native_address" : "0x102cc3739",
  "native_offset" : "0x00000"
 }
,
{
  "is_managed" : "false",
  "native_address" : "0x102af230a",
  "native_offset" : "0x00000"
 }
,
{
  "is_managed" : "false",
  "native_address" : "0x102a7de49",
  "native_offset" : "0x00000"
 }
,
{
  "is_managed" : "false",
  "native_address" : "0x7ff806d2b2cd",
  "native_offset" : "0x00000"
 }

]
},
{
"is_managed" : false,
"offset_free_hash" : "0x0",
"offset_rich_hash" : "0x0",
"crashed" : false,
"native_thread_id" : "0x700008664000",
"thread_info_addr" : "0x7fea6d0b5a00",
"thread_name" : "tid_2d1f",
"ctx" : {
  "IP" : "0x7ff80707baaa",
  "SP" : "0x700008663d68",
  "BP" : "0x700008663e00"
},
"unmanaged_frames" : [
{
  "is_managed" : "false",
  "native_address" : "0x102b2c346",
  "native_offset" : "0x00000"
 }
,
{
  "is_managed" : "false",
  "native_address" : "0x102cc6aa5",
  "native_offset" : "0x00000"
 }
,
{
  "is_managed" : "false",
  "native_address" : "0x102cc67d7",
  "native_offset" : "0x00000"
 }
,
{
  "is_managed" : "false",
  "native_address" : "0x102b97ce0",
  "native_offset" : "0x00000"
 }
,
{
  "is_managed" : "false",
  "native_address" : "0x7ff8070f0e1d",
  "native_offset" : "0x00000"
 }
,
{
  "is_managed" : "false",
  "native_address" : "0x7ff806f6009b",
  "native_offset" : "0x00000"
 }
,
{
  "is_managed" : "false",
  "native_address" : "0x102d7f314",
  "native_offset" : "0x00000"
 }
,
{
  "is_managed" : "false",
  "native_address" : "0x102d8a8ed",
  "native_offset" : "0x00000"
 }
,
{
  "is_managed" : "false",
  "native_address" : "0x102bfdc82",
  "native_offset" : "0x00000"
 }
,
{
  "is_managed" : "false",
  "native_address" : "0x102cc76ed",
  "native_offset" : "0x00000"
 }
,
{
  "is_managed" : "false",
  "native_address" : "0x7ff8070ba253",
  "native_offset" : "0x00000"
 }
,
{
  "is_managed" : "false",
  "native_address" : "0x7ff8070b5bef",
  "native_offset" : "0x00000"
 }

]
},
{
"is_managed" : false,
"offset_free_hash" : "0x0",
"offset_rich_hash" : "0x0",
"crashed" : false,
"native_thread_id" : "0x700008c6d000",
"thread_info_addr" : "0x7fea6a378800",
"thread_name" : "Thread Pool Worker",
"ctx" : {
  "IP" : "0x7ff807078ea2",
  "SP" : "0x700008c6ce98",
  "BP" : "0x700008c6cf00"
},
"unmanaged_frames" : [
{
  "is_managed" : "false",
  "native_address" : "0x102b2c346",
  "native_offset" : "0x00000"
 }
,
{
  "is_managed" : "false",
  "native_address" : "0x102cc6aa5",
  "native_offset" : "0x00000"
 }
,
{
  "is_managed" : "false",
  "native_address" : "0x102cc67d7",
  "native_offset" : "0x00000"
 }
,
{
  "is_managed" : "false",
  "native_address" : "0x102b97ce0",
  "native_offset" : "0x00000"
 }
,
{
  "is_managed" : "false",
  "native_address" : "0x7ff8070f0e1d",
  "native_offset" : "0x00000"
 }
,
{
  "is_managed" : "false",
  "native_address" : "unregistered"
 }
,
{
  "is_managed" : "false",
  "native_address" : "0x102cc76ed",
  "native_offset" : "0x00000"
 }
,
{
  "is_managed" : "false",
  "native_address" : "0x7ff8070ba253",
  "native_offset" : "0x00000"
 }
,
{
  "is_managed" : "false",
  "native_address" : "0x7ff8070b5bef",
  "native_offset" : "0x00000"
 }

]
},
{
"is_managed" : true,
"offset_free_hash" : "0x432d72ecf",
"offset_rich_hash" : "0x432d72f3d",
"crashed" : false,
"native_thread_id" : "0x70000a514000",
"thread_info_addr" : "0x7fea6b9b2800",
"thread_name" : "tid_5e03",
"ctx" : {
  "IP" : "0x7ff80707baaa",
  "SP" : "0x70000a513828",
  "BP" : "0x70000a5138c0"
},
"managed_frames" : [
{
  "is_managed" : "false",
  "native_address" : "unregistered"
 }
,
{
  "is_managed" : "true",
  "guid" : "55ADAE45-46CD-485B-A70E-2948332EBE8C",
  "token" : "0x00000",
  "native_offset" : "0x0",
  "filename" : "mscorlib.dll",
  "sizeofimage" : "0x474000",
  "timestamp" : "0xcdf122ed",
  "il_offset" : "0x00000"
 }
,
{
  "is_managed" : "true",
  "guid" : "55ADAE45-46CD-485B-A70E-2948332EBE8C",
  "token" : "0x6001f4d",
  "native_offset" : "0x0",
  "filename" : "mscorlib.dll",
  "sizeofimage" : "0x474000",
  "timestamp" : "0xcdf122ed",
  "il_offset" : "0x00019"
 }
,
{
  "is_managed" : "true",
  "guid" : "4B5238B4-78E1-44BC-9E2C-6DDD55F12FE7",
  "token" : "0x6000217",
  "native_offset" : "0x0",
  "filename" : "MonoDevelop.MSBuildBuilder.exe",
  "sizeofimage" : "0x1e000",
  "timestamp" : "0xe9fddf4f",
  "il_offset" : "0x00000"
 }
,
{
  "is_managed" : "true",
  "guid" : "55ADAE45-46CD-485B-A70E-2948332EBE8C",
  "token" : "0x6001ecb",
  "native_offset" : "0x0",
  "filename" : "mscorlib.dll",
  "sizeofimage" : "0x474000",
  "timestamp" : "0xcdf122ed",
  "il_offset" : "0x0002b"
 }
,
{
  "is_managed" : "true",
  "guid" : "55ADAE45-46CD-485B-A70E-2948332EBE8C",
  "token" : "0x00000",
  "native_offset" : "0x0",
  "filename" : "mscorlib.dll",
  "sizeofimage" : "0x474000",
  "timestamp" : "0xcdf122ed",
  "il_offset" : "0x0002a"
 }

],
"unmanaged_frames" : [
{
"is_managed" : "false",
"native_address" : "0x102b2c346",
"native_offset" : "0x00000"
}
,
{
"is_managed" : "false",
"native_address" : "0x102cc6aa5",
"native_offset" : "0x00000"
}
,
{
"is_managed" : "false",
"native_address" : "0x102cc67d7",
"native_offset" : "0x00000"
}
,
{
"is_managed" : "false",
"native_address" : "0x102b97ce0",
"native_offset" : "0x00000"
}
,
{
"is_managed" : "false",
"native_address" : "0x7ff8070f0e1d",
"native_offset" : "0x00000"
}
,
{
"is_managed" : "false",
"native_address" : "unregistered"
}
,
{
"is_managed" : "false",
"native_address" : "0x102d7f314",
"native_offset" : "0x00000"
}
,
{
"is_managed" : "false",
"native_address" : "0x102d8a8ed",
"native_offset" : "0x00000"
}
,
{
"is_managed" : "false",
"native_address" : "0x102cbf7dd",
"native_offset" : "0x00000"
}
,
{
"is_managed" : "false",
"native_address" : "0x102c598e9",
"native_offset" : "0x00000"
}
,
{
"is_managed" : "true",
"guid" : "55ADAE45-46CD-485B-A70E-2948332EBE8C",
"token" : "0x00000",
"native_offset" : "0x0",
"filename" : "mscorlib.dll",
"sizeofimage" : "0x474000",
"timestamp" : "0xcdf122ed",
"il_offset" : "0x00000"
}
,
{
"is_managed" : "true",
"guid" : "(null)",
"token" : "0x00000",
"native_offset" : "0x0",
"filename" : "(null)",
"sizeofimage" : "0x0",
"timestamp" : "0x0",
"il_offset" : "0x00000"
}
,
{
"is_managed" : "true",
"guid" : "(null)",
"token" : "0x00000",
"native_offset" : "0x0",
"filename" : "(null)",
"sizeofimage" : "0x0",
"timestamp" : "0x0",
"il_offset" : "0x00000"
}
,
{
"is_managed" : "false",
"native_address" : "0x102a8eae2",
"native_offset" : "0x00000"
}
,
{
"is_managed" : "false",
"native_address" : "0x102c9c967",
"native_offset" : "0x00000"
}
,
{
"is_managed" : "false",
"native_address" : "0x102ca3210",
"native_offset" : "0x00000"
}
,
{
"is_managed" : "false",
"native_address" : "0x102cc772d",
"native_offset" : "0x00000"
}
,
{
"is_managed" : "false",
"native_address" : "0x7ff8070ba253",
"native_offset" : "0x00000"
}
,
{
"is_managed" : "false",
"native_address" : "0x7ff8070b5bef",
"native_offset" : "0x00000"
}

]
},
{
"is_managed" : true,
"offset_free_hash" : "0x4adaea0b9",
"offset_rich_hash" : "0x4adaea155",
"crashed" : false,
"native_thread_id" : "0x70000ad63000",
"thread_info_addr" : "0x7fea6e126200",
"thread_name" : "In-proc Node (Default)",
"ctx" : {
"IP" : "0x7ff80707baaa",
"SP" : "0x70000ad620f8",
"BP" : "0x70000ad62190"
},
"managed_frames" : [
{
"is_managed" : "false",
"native_address" : "unregistered"
}
,
{
"is_managed" : "true",
"guid" : "55ADAE45-46CD-485B-A70E-2948332EBE8C",
"token" : "0x00000",
"native_offset" : "0x0",
"filename" : "mscorlib.dll",
"sizeofimage" : "0x474000",
"timestamp" : "0xcdf122ed",
"il_offset" : "0x00000"
}
,
{
"is_managed" : "true",
"guid" : "55ADAE45-46CD-485B-A70E-2948332EBE8C",
"token" : "0x6002050",
"native_offset" : "0x0",
"filename" : "mscorlib.dll",
"sizeofimage" : "0x474000",
"timestamp" : "0xcdf122ed",
"il_offset" : "0x00000"
}
,
{
"is_managed" : "true",
"guid" : "6F1AC64B-3624-4345-9AE7-E79676B4C67F",
"token" : "0x600137c",
"native_offset" : "0x0",
"filename" : "Microsoft.Build.dll",
"sizeofimage" : "0x202000",
"timestamp" : "0xac7b724b",
"il_offset" : "0x00047"
}
,
{
"is_managed" : "true",
"guid" : "6F1AC64B-3624-4345-9AE7-E79676B4C67F",
"token" : "0x60015cd",
"native_offset" : "0x0",
"filename" : "Microsoft.Build.dll",
"sizeofimage" : "0x202000",
"timestamp" : "0xac7b724b",
"il_offset" : "0x00000"
}
,
{
"is_managed" : "true",
"guid" : "55ADAE45-46CD-485B-A70E-2948332EBE8C",
"token" : "0x6001ecb",
"native_offset" : "0x0",
"filename" : "mscorlib.dll",
"sizeofimage" : "0x474000",
"timestamp" : "0xcdf122ed",
"il_offset" : "0x0002b"
}
,
{
"is_managed" : "true",
"guid" : "55ADAE45-46CD-485B-A70E-2948332EBE8C",
"token" : "0x00000",
"native_offset" : "0x0",
"filename" : "mscorlib.dll",
"sizeofimage" : "0x474000",
"timestamp" : "0xcdf122ed",
"il_offset" : "0x0002a"
}

],
"unmanaged_frames" : [
{
"is_managed" : "false",
"native_address" : "0x102b2c346",
"native_offset" : "0x00000"
}
,
{
"is_managed" : "false",
"native_address" : "0x102cc6aa5",
"native_offset" : "0x00000"
}
,
{
"is_managed" : "false",
"native_address" : "0x102cc67d7",
"native_offset" : "0x00000"
}
,
{
"is_managed" : "false",
"native_address" : "0x102b97ce0",
"native_offset" : "0x00000"
}
,
{
"is_managed" : "false",
"native_address" : "0x7ff8070f0e1d",
"native_offset" : "0x00000"
}
,
{
"is_managed" : "false",
"native_address" : "0x1a02c8d6f5",
"native_offset" : "0x00000"
}
,
{
"is_managed" : "false",
"native_address" : "0x102d7f330",
"native_offset" : "0x00000"
}
,
{
"is_managed" : "false",
"native_address" : "0x102ce6ba8",
"native_offset" : "0x00000"
}
,
{
"is_managed" : "false",
"native_address" : "0x102ce6762",
"native_offset" : "0x00000"
}
,
{
"is_managed" : "false",
"native_address" : "0x102cc0d0d",
"native_offset" : "0x00000"
}
,
{
"is_managed" : "false",
"native_address" : "0x102c5a288",
"native_offset" : "0x00000"
}
,
{
"is_managed" : "true",
"guid" : "55ADAE45-46CD-485B-A70E-2948332EBE8C",
"token" : "0x00000",
"native_offset" : "0x0",
"filename" : "mscorlib.dll",
"sizeofimage" : "0x474000",
"timestamp" : "0xcdf122ed",
"il_offset" : "0x00000"
}
,
{
"is_managed" : "true",
"guid" : "(null)",
"token" : "0x00000",
"native_offset" : "0x0",
"filename" : "(null)",
"sizeofimage" : "0x0",
"timestamp" : "0x0",
"il_offset" : "0x00000"
}

]
},
{
"is_managed" : true,
"offset_free_hash" : "0x857e54322",
"offset_rich_hash" : "0x857e54419",
"crashed" : false,
"native_thread_id" : "0x70000ab1d000",
"thread_info_addr" : "0x7fea6c9aca00",
"thread_name" : "tid_8303",
"ctx" : {
"IP" : "0x7ff80707baaa",
"SP" : "0x70000ab1bda8",
"BP" : "0x70000ab1be40"
},
"managed_frames" : [
{
"is_managed" : "false",
"native_address" : "unregistered"
}
,
{
"is_managed" : "true",
"guid" : "55ADAE45-46CD-485B-A70E-2948332EBE8C",
"token" : "0x00000",
"native_offset" : "0x0",
"filename" : "mscorlib.dll",
"sizeofimage" : "0x474000",
"timestamp" : "0xcdf122ed",
"il_offset" : "0x00000"
}
,
{
"is_managed" : "true",
"guid" : "B8A69F0C-BD1E-489A-9FFC-35E66F9F7569",
"token" : "0x6000fbc",
"native_offset" : "0x0",
"filename" : "Microsoft.VisualStudio.Telemetry.dll",
"sizeofimage" : "0xe2000",
"timestamp" : "0xa1137f1b",
"il_offset" : "0x0006e"
}
,
{
"is_managed" : "true",
"guid" : "B8A69F0C-BD1E-489A-9FFC-35E66F9F7569",
"token" : "0x6000fda",
"native_offset" : "0x0",
"filename" : "Microsoft.VisualStudio.Telemetry.dll",
"sizeofimage" : "0xe2000",
"timestamp" : "0xa1137f1b",
"il_offset" : "0x00000"
}
,
{
"is_managed" : "true",
"guid" : "B8A69F0C-BD1E-489A-9FFC-35E66F9F7569",
"token" : "0x6001003",
"native_offset" : "0x0",
"filename" : "Microsoft.VisualStudio.Telemetry.dll",
"sizeofimage" : "0xe2000",
"timestamp" : "0xa1137f1b",
"il_offset" : "0x00034"
}
,
{
"is_managed" : "true",
"guid" : "B8A69F0C-BD1E-489A-9FFC-35E66F9F7569",
"token" : "0x6001433",
"native_offset" : "0x0",
"filename" : "Microsoft.VisualStudio.Telemetry.dll",
"sizeofimage" : "0xe2000",
"timestamp" : "0xa1137f1b",
"il_offset" : "0x00000"
}
,
{
"is_managed" : "true",
"guid" : "55ADAE45-46CD-485B-A70E-2948332EBE8C",
"token" : "0x6001ecb",
"native_offset" : "0x0",
"filename" : "mscorlib.dll",
"sizeofimage" : "0x474000",
"timestamp" : "0xcdf122ed",
"il_offset" : "0x0002b"
}
,
{
"is_managed" : "true",
"guid" : "55ADAE45-46CD-485B-A70E-2948332EBE8C",
"token" : "0x00000",
"native_offset" : "0x0",
"filename" : "mscorlib.dll",
"sizeofimage" : "0x474000",
"timestamp" : "0xcdf122ed",
"il_offset" : "0x0002a"
}

],
"unmanaged_frames" : [
{
"is_managed" : "false",
"native_address" : "0x102b2c346",
"native_offset" : "0x00000"
}
,
{
"is_managed" : "false",
"native_address" : "0x102cc6aa5",
"native_offset" : "0x00000"
}
,
{
"is_managed" : "false",
"native_address" : "0x102cc67d7",
"native_offset" : "0x00000"
}
,
{
"is_managed" : "false",
"native_address" : "0x102b97ce0",
"native_offset" : "0x00000"
}
,
{
"is_managed" : "false",
"native_address" : "0x7ff8070f0e1d",
"native_offset" : "0x00000"
}
,
{
"is_managed" : "false",
"native_address" : "0x7fea6afab090",
"native_offset" : "0x00000"
}
,
{
"is_managed" : "false",
"native_address" : "0x102d7f330",
"native_offset" : "0x00000"
}
,
{
"is_managed" : "false",
"native_address" : "0x102ce5f49",
"native_offset" : "0x00000"
}
,
{
"is_managed" : "false",
"native_address" : "0x102ce5e11",
"native_offset" : "0x00000"
}
,
{
"is_managed" : "false",
"native_address" : "0x102ce6089",
"native_offset" : "0x00000"
}
,
{
"is_managed" : "false",
"native_address" : "0x102cc0d0d",
"native_offset" : "0x00000"
}
,
{
"is_managed" : "false",
"native_address" : "0x102c5a288",
"native_offset" : "0x00000"
}
,
{
"is_managed" : "true",
"guid" : "55ADAE45-46CD-485B-A70E-2948332EBE8C",
"token" : "0x00000",
"native_offset" : "0x0",
"filename" : "mscorlib.dll",
"sizeofimage" : "0x474000",
"timestamp" : "0xcdf122ed",
"il_offset" : "0x00000"
}
,
{
"is_managed" : "true",
"guid" : "(null)",
"token" : "0x00000",
"native_offset" : "0x0",
"filename" : "(null)",
"sizeofimage" : "0x0",
"timestamp" : "0x0",
"il_offset" : "0x00000"
}
,
{
"is_managed" : "true",
"guid" : "B8A69F0C-BD1E-489A-9FFC-35E66F9F7569",
"token" : "0x6000fda",
"native_offset" : "0x0",
"filename" : "Microsoft.VisualStudio.Telemetry.dll",
"sizeofimage" : "0xe2000",
"timestamp" : "0xa1137f1b",
"il_offset" : "0x00000"
}
,
{
"is_managed" : "true",
"guid" : "B8A69F0C-BD1E-489A-9FFC-35E66F9F7569",
"token" : "0x6001003",
"native_offset" : "0x0",
"filename" : "Microsoft.VisualStudio.Telemetry.dll",
"sizeofimage" : "0xe2000",
"timestamp" : "0xa1137f1b",
"il_offset" : "0x00000"
}
,
{
"is_managed" : "true",
"guid" : "B8A69F0C-BD1E-489A-9FFC-35E66F9F7569",
"token" : "0x6001433",
"native_offset" : "0x0",
"filename" : "Microsoft.VisualStudio.Telemetry.dll",
"sizeofimage" : "0xe2000",
"timestamp" : "0xa1137f1b",
"il_offset" : "0x00000"
}
,
{
"is_managed" : "true",
"guid" : "(null)",
"token" : "0x00000",
"native_offset" : "0x0",
"filename" : "(null)",
"sizeofimage" : "0x0",
"timestamp" : "0x0",
"il_offset" : "0x00000"
}
,
{
"is_managed" : "true",
"guid" : "(null)",
"token" : "0x00000",
"native_offset" : "0x0",
"filename" : "(null)",
"sizeofimage" : "0x0",
"timestamp" : "0x0",
"il_offset" : "0x00000"
}
,
{
"is_managed" : "true",
"guid" : "(null)",
"token" : "0x00000",
"native_offset" : "0x0",
"filename" : "(null)",
"sizeofimage" : "0x0",
"timestamp" : "0x0",
"il_offset" : "0x00000"
}
,
{
"is_managed" : "true",
"guid" : "(null)",
"token" : "0x00000",
"native_offset" : "0x0",
"filename" : "(null)",
"sizeofimage" : "0x0",
"timestamp" : "0x0",
"il_offset" : "0x00000"
}
,
{
"is_managed" : "false",
"native_address" : "0x102a8eae2",
"native_offset" : "0x00000"
}
,
{
"is_managed" : "false",
"native_address" : "0x102c9c967",
"native_offset" : "0x00000"
}
,
{
"is_managed" : "false",
"native_address" : "0x102ca3210",
"native_offset" : "0x00000"
}
,
{
"is_managed" : "false",
"native_address" : "0x102cc772d",
"native_offset" : "0x00000"
}
,
{
"is_managed" : "false",
"native_address" : "0x7ff8070ba253",
"native_offset" : "0x00000"
}
,
{
"is_managed" : "false",
"native_address" : "0x7ff8070b5bef",
"native_offset" : "0x00000"
}

]
},
{
"is_managed" : true,
"offset_free_hash" : "0x7cb437a42",
"offset_rich_hash" : "0x7cb437c52",
"crashed" : false,
"native_thread_id" : "0x70000b975000",
"thread_info_addr" : "0x7fea6d164800",
"thread_name" : "RequestBuilder thread",
"ctx" : {
"IP" : "0x7ff80707baaa",
"SP" : "0x70000b974428",
"BP" : "0x70000b9744c0"
},
"managed_frames" : [
{
"is_managed" : "false",
"native_address" : "unregistered"
}
,
{
"is_managed" : "true",
"guid" : "55ADAE45-46CD-485B-A70E-2948332EBE8C",
"token" : "0x00000",
"native_offset" : "0x0",
"filename" : "mscorlib.dll",
"sizeofimage" : "0x474000",
"timestamp" : "0xcdf122ed",
"il_offset" : "0x00000"
}
,
{
"is_managed" : "true",
"guid" : "55ADAE45-46CD-485B-A70E-2948332EBE8C",
"token" : "0x6001efb",
"native_offset" : "0x0",
"filename" : "mscorlib.dll",
"sizeofimage" : "0x474000",
"timestamp" : "0xcdf122ed",
"il_offset" : "0x00000"
}
,
{
"is_managed" : "true",
"guid" : "55ADAE45-46CD-485B-A70E-2948332EBE8C",
"token" : "0x6001e4a",
"native_offset" : "0x0",
"filename" : "mscorlib.dll",
"sizeofimage" : "0x474000",
"timestamp" : "0xcdf122ed",
"il_offset" : "0x000d9"
}
,
{
"is_managed" : "true",
"guid" : "2DBEFA87-77EF-42F6-960C-4D68F040AB92",
"token" : "0x6003c4c",
"native_offset" : "0x0",
"filename" : "System.dll",
"sizeofimage" : "0x290000",
"timestamp" : "0xaf2b192e",
"il_offset" : "0x00067"
}
,
{
"is_managed" : "true",
"guid" : "2DBEFA87-77EF-42F6-960C-4D68F040AB92",
"token" : "0x6004346",
"native_offset" : "0x0",
"filename" : "System.dll",
"sizeofimage" : "0x290000",
"timestamp" : "0xaf2b192e",
"il_offset" : "0x0004d"
}
,
{
"is_managed" : "true",
"guid" : "6F1AC64B-3624-4345-9AE7-E79676B4C67F",
"token" : "0x600248c",
"native_offset" : "0x0",
"filename" : "Microsoft.Build.dll",
"sizeofimage" : "0x202000",
"timestamp" : "0xac7b724b",
"il_offset" : "0x0002e"
}
,
{
"is_managed" : "true",
"guid" : "55ADAE45-46CD-485B-A70E-2948332EBE8C",
"token" : "0x6001ecb",
"native_offset" : "0x0",
"filename" : "mscorlib.dll",
"sizeofimage" : "0x474000",
"timestamp" : "0xcdf122ed",
"il_offset" : "0x0002b"
}
,
{
"is_managed" : "true",
"guid" : "55ADAE45-46CD-485B-A70E-2948332EBE8C",
"token" : "0x00000",
"native_offset" : "0x0",
"filename" : "mscorlib.dll",
"sizeofimage" : "0x474000",
"timestamp" : "0xcdf122ed",
"il_offset" : "0x0002a"
}

],
"unmanaged_frames" : [
{
"is_managed" : "false",
"native_address" : "0x102b2c346",
"native_offset" : "0x00000"
}
,
{
"is_managed" : "false",
"native_address" : "0x102cc6aa5",
"native_offset" : "0x00000"
}
,
{
"is_managed" : "false",
"native_address" : "0x102cc67d7",
"native_offset" : "0x00000"
}
,
{
"is_managed" : "false",
"native_address" : "0x102b97ce0",
"native_offset" : "0x00000"
}
,
{
"is_managed" : "false",
"native_address" : "0x7ff8070f0e1d",
"native_offset" : "0x00000"
}
,
{
"is_managed" : "false",
"native_address" : "0x1056f5cf8",
"native_offset" : "0x00000"
}
,
{
"is_managed" : "false",
"native_address" : "0x102d7f330",
"native_offset" : "0x00000"
}
,
{
"is_managed" : "false",
"native_address" : "0x102ce5f49",
"native_offset" : "0x00000"
}
,
{
"is_managed" : "false",
"native_address" : "0x102ce5e11",
"native_offset" : "0x00000"
}
,
{
"is_managed" : "false",
"native_address" : "0x102d1c3ac",
"native_offset" : "0x00000"
}
,
{
"is_managed" : "false",
"native_address" : "0x102c58691",
"native_offset" : "0x00000"
}
,
{
"is_managed" : "true",
"guid" : "55ADAE45-46CD-485B-A70E-2948332EBE8C",
"token" : "0x00000",
"native_offset" : "0x0",
"filename" : "mscorlib.dll",
"sizeofimage" : "0x474000",
"timestamp" : "0xcdf122ed",
"il_offset" : "0x00000"
}
,
{
"is_managed" : "true",
"guid" : "(null)",
"token" : "0x00000",
"native_offset" : "0x0",
"filename" : "(null)",
"sizeofimage" : "0x0",
"timestamp" : "0x0",
"il_offset" : "0x00000"
}
,
{
"is_managed" : "true",
"guid" : "2DBEFA87-77EF-42F6-960C-4D68F040AB92",
"token" : "0x6003c4c",
"native_offset" : "0x0",
"filename" : "System.dll",
"sizeofimage" : "0x290000",
"timestamp" : "0xaf2b192e",
"il_offset" : "0x00000"
}
,
{
"is_managed" : "true",
"guid" : "2DBEFA87-77EF-42F6-960C-4D68F040AB92",
"token" : "0x6004346",
"native_offset" : "0x0",
"filename" : "System.dll",
"sizeofimage" : "0x290000",
"timestamp" : "0xaf2b192e",
"il_offset" : "0x00000"
}
,
{
"is_managed" : "true",
"guid" : "6F1AC64B-3624-4345-9AE7-E79676B4C67F",
"token" : "0x600248c",
"native_offset" : "0x0",
"filename" : "Microsoft.Build.dll",
"sizeofimage" : "0x202000",
"timestamp" : "0xac7b724b",
"il_offset" : "0x00000"
}
,
{
"is_managed" : "true",
"guid" : "(null)",
"token" : "0x00000",
"native_offset" : "0x0",
"filename" : "(null)",
"sizeofimage" : "0x0",
"timestamp" : "0x0",
"il_offset" : "0x00000"
}
,
{
"is_managed" : "true",
"guid" : "(null)",
"token" : "0x00000",
"native_offset" : "0x0",
"filename" : "(null)",
"sizeofimage" : "0x0",
"timestamp" : "0x0",
"il_offset" : "0x00000"
}
,
{
"is_managed" : "false",
"native_address" : "0x102a8eae2",
"native_offset" : "0x00000"
}
,
{
"is_managed" : "false",
"native_address" : "0x102c9c967",
"native_offset" : "0x00000"
}
,
{
"is_managed" : "false",
"native_address" : "0x102ca3210",
"native_offset" : "0x00000"
}
,
{
"is_managed" : "false",
"native_address" : "0x102cc772d",
"native_offset" : "0x00000"
}
,
{
"is_managed" : "false",
"native_address" : "0x7ff8070ba253",
"native_offset" : "0x00000"
}
,
{
"is_managed" : "false",
"native_address" : "0x7ff8070b5bef",
"native_offset" : "0x00000"
}

]
},
{
"is_managed" : true,
"offset_free_hash" : "0x1970f09c75",
"offset_rich_hash" : "0x1970f0a557",
"crashed" : true,
"native_thread_id" : "0x700008867000",
"thread_info_addr" : "0x7fea6b384000",
"thread_name" : "Thread Pool Worker",
"ctx" : {
"IP" : "0x7ff80707fc52",
"SP" : "0x700008864e08",
"BP" : "0x700008864e30"
},
"managed_frames" : [
{
"is_managed" : "false",
"native_address" : "unregistered"
}
,
{
"is_managed" : "true",
"guid" : "2DBEFA87-77EF-42F6-960C-4D68F040AB92",
"token" : "0x00000",
"native_offset" : "0x0",
"filename" : "System.dll",
"sizeofimage" : "0x290000",
"timestamp" : "0xaf2b192e",
"il_offset" : "0x00000"
}
,
{
"is_managed" : "true",
"guid" : "2DBEFA87-77EF-42F6-960C-4D68F040AB92",
"token" : "0x6002742",
"native_offset" : "0x0",
"filename" : "System.dll",
"sizeofimage" : "0x290000",
"timestamp" : "0xaf2b192e",
"il_offset" : "0x0000c"
}
,
{
"is_managed" : "true",
"guid" : "2DBEFA87-77EF-42F6-960C-4D68F040AB92",
"token" : "0x6002740",
"native_offset" : "0x0",
"filename" : "System.dll",
"sizeofimage" : "0x290000",
"timestamp" : "0xaf2b192e",
"il_offset" : "0x00133"
}
,
{
"is_managed" : "true",
"guid" : "2DBEFA87-77EF-42F6-960C-4D68F040AB92",
"token" : "0x600273d",
"native_offset" : "0x0",
"filename" : "System.dll",
"sizeofimage" : "0x290000",
"timestamp" : "0xaf2b192e",
"il_offset" : "0x0002b"
}
,
{
"is_managed" : "true",
"guid" : "2DBEFA87-77EF-42F6-960C-4D68F040AB92",
"token" : "0x6004114",
"native_offset" : "0x0",
"filename" : "System.dll",
"sizeofimage" : "0x290000",
"timestamp" : "0xaf2b192e",
"il_offset" : "0x00000"
}
,
{
"is_managed" : "true",
"guid" : "55ADAE45-46CD-485B-A70E-2948332EBE8C",
"token" : "0x60022e8",
"native_offset" : "0x0",
"filename" : "mscorlib.dll",
"sizeofimage" : "0x474000",
"timestamp" : "0xcdf122ed",
"il_offset" : "0x0008b"
}
,
{
"is_managed" : "true",
"guid" : "55ADAE45-46CD-485B-A70E-2948332EBE8C",
"token" : "0x600249a",
"native_offset" : "0x0",
"filename" : "mscorlib.dll",
"sizeofimage" : "0x474000",
"timestamp" : "0xcdf122ed",
"il_offset" : "0x00000"
}
,
{
"is_managed" : "true",
"guid" : "55ADAE45-46CD-485B-A70E-2948332EBE8C",
"token" : "0x6002499",
"native_offset" : "0x0",
"filename" : "mscorlib.dll",
"sizeofimage" : "0x474000",
"timestamp" : "0xcdf122ed",
"il_offset" : "0x00000"
}
,
{
"is_managed" : "true",
"guid" : "2DBEFA87-77EF-42F6-960C-4D68F040AB92",
"token" : "0x6004116",
"native_offset" : "0x0",
"filename" : "System.dll",
"sizeofimage" : "0x290000",
"timestamp" : "0xaf2b192e",
"il_offset" : "0x0013b"
}
,
{
"is_managed" : "true",
"guid" : "55ADAE45-46CD-485B-A70E-2948332EBE8C",
"token" : "0x6004617",
"native_offset" : "0x0",
"filename" : "mscorlib.dll",
"sizeofimage" : "0x474000",
"timestamp" : "0xcdf122ed",
"il_offset" : "0x0002c"
}
,
{
"is_managed" : "true",
"guid" : "2DBEFA87-77EF-42F6-960C-4D68F040AB92",
"token" : "0x6002023",
"native_offset" : "0x0",
"filename" : "System.dll",
"sizeofimage" : "0x290000",
"timestamp" : "0xaf2b192e",
"il_offset" : "0x0002c"
}
,
{
"is_managed" : "true",
"guid" : "2DBEFA87-77EF-42F6-960C-4D68F040AB92",
"token" : "0x600411a",
"native_offset" : "0x0",
"filename" : "System.dll",
"sizeofimage" : "0x290000",
"timestamp" : "0xaf2b192e",
"il_offset" : "0x00055"
}
,
{
"is_managed" : "true",
"guid" : "55ADAE45-46CD-485B-A70E-2948332EBE8C",
"token" : "0x6004622",
"native_offset" : "0x0",
"filename" : "mscorlib.dll",
"sizeofimage" : "0x474000",
"timestamp" : "0xcdf122ed",
"il_offset" : "0x0002c"
}
,
{
"is_managed" : "true",
"guid" : "2DBEFA87-77EF-42F6-960C-4D68F040AB92",
"token" : "0x6002025",
"native_offset" : "0x0",
"filename" : "System.dll",
"sizeofimage" : "0x290000",
"timestamp" : "0xaf2b192e",
"il_offset" : "0x0002c"
}
,
{
"is_managed" : "true",
"guid" : "2DBEFA87-77EF-42F6-960C-4D68F040AB92",
"token" : "0x6004122",
"native_offset" : "0x0",
"filename" : "System.dll",
"sizeofimage" : "0x290000",
"timestamp" : "0xaf2b192e",
"il_offset" : "0x0003d"
}
,
{
"is_managed" : "true",
"guid" : "55ADAE45-46CD-485B-A70E-2948332EBE8C",
"token" : "0x600460d",
"native_offset" : "0x0",
"filename" : "mscorlib.dll",
"sizeofimage" : "0x474000",
"timestamp" : "0xcdf122ed",
"il_offset" : "0x0002c"
}
,
{
"is_managed" : "true",
"guid" : "2DBEFA87-77EF-42F6-960C-4D68F040AB92",
"token" : "0x600208c",
"native_offset" : "0x0",
"filename" : "System.dll",
"sizeofimage" : "0x290000",
"timestamp" : "0xaf2b192e",
"il_offset" : "0x0001c"
}
,
{
"is_managed" : "true",
"guid" : "2DBEFA87-77EF-42F6-960C-4D68F040AB92",
"token" : "0x6002030",
"native_offset" : "0x0",
"filename" : "System.dll",
"sizeofimage" : "0x290000",
"timestamp" : "0xaf2b192e",
"il_offset" : "0x00075"
}
,
{
"is_managed" : "true",
"guid" : "2DBEFA87-77EF-42F6-960C-4D68F040AB92",
"token" : "0x60040ff",
"native_offset" : "0x0",
"filename" : "System.dll",
"sizeofimage" : "0x290000",
"timestamp" : "0xaf2b192e",
"il_offset" : "0x00051"
}
,
{
"is_managed" : "true",
"guid" : "2DBEFA87-77EF-42F6-960C-4D68F040AB92",
"token" : "0x6001fea",
"native_offset" : "0x0",
"filename" : "System.dll",
"sizeofimage" : "0x290000",
"timestamp" : "0xaf2b192e",
"il_offset" : "0x00012"
}
,
{
"is_managed" : "true",
"guid" : "2DBEFA87-77EF-42F6-960C-4D68F040AB92",
"token" : "0x6001fe7",
"native_offset" : "0x0",
"filename" : "System.dll",
"sizeofimage" : "0x290000",
"timestamp" : "0xaf2b192e",
"il_offset" : "0x0000b"
}
,
{
"is_managed" : "true",
"guid" : "2DBEFA87-77EF-42F6-960C-4D68F040AB92",
"token" : "0x6004106",
"native_offset" : "0x0",
"filename" : "System.dll",
"sizeofimage" : "0x290000",
"timestamp" : "0xaf2b192e",
"il_offset" : "0x002c4"
}
,
{
"is_managed" : "true",
"guid" : "55ADAE45-46CD-485B-A70E-2948332EBE8C",
"token" : "0x6004617",
"native_offset" : "0x0",
"filename" : "mscorlib.dll",
"sizeofimage" : "0x474000",
"timestamp" : "0xcdf122ed",
"il_offset" : "0x0002c"
}
,
{
"is_managed" : "true",
"guid" : "2DBEFA87-77EF-42F6-960C-4D68F040AB92",
"token" : "0x6001fe5",
"native_offset" : "0x0",
"filename" : "System.dll",
"sizeofimage" : "0x290000",
"timestamp" : "0xaf2b192e",
"il_offset" : "0x0001c"
}
,
{
"is_managed" : "true",
"guid" : "2DBEFA87-77EF-42F6-960C-4D68F040AB92",
"token" : "0x6001ff4",
"native_offset" : "0x0",
"filename" : "System.dll",
"sizeofimage" : "0x290000",
"timestamp" : "0xaf2b192e",
"il_offset" : "0x00000"
}
,
{
"is_managed" : "true",
"guid" : "55ADAE45-46CD-485B-A70E-2948332EBE8C",
"token" : "0x60022a4",
"native_offset" : "0x0",
"filename" : "mscorlib.dll",
"sizeofimage" : "0x474000",
"timestamp" : "0xcdf122ed",
"il_offset" : "0x0000f"
}
,
{
"is_managed" : "true",
"guid" : "55ADAE45-46CD-485B-A70E-2948332EBE8C",
"token" : "0x00000",
"native_offset" : "0x0",
"filename" : "mscorlib.dll",
"sizeofimage" : "0x474000",
"timestamp" : "0xcdf122ed",
"il_offset" : "0x0002a"
}

],
"unmanaged_frames" : [
{
"is_managed" : "false",
"native_address" : "0x102b2c346",
"native_offset" : "0x00000"
}
,
{
"is_managed" : "false",
"native_address" : "0x102cc6aa5",
"native_offset" : "0x00000"
}
,
{
"is_managed" : "false",
"native_address" : "0x102cc711a",
"native_offset" : "0x00000"
}
,
{
"is_managed" : "false",
"native_address" : "0x102b98da7",
"native_offset" : "0x00000"
}
,
{
"is_managed" : "false",
"native_address" : "0x102b30fb5",
"native_offset" : "0x00000"
}
,
{
"is_managed" : "false",
"native_address" : "0x102b9809f",
"native_offset" : "0x00000"
}
,
{
"is_managed" : "false",
"native_address" : "0x7ff8070f0e1d",
"native_offset" : "0x00000"
}
,
{
"is_managed" : "false",
"native_address" : "0xffffffff",
"native_offset" : "0x00000"
}
,
{
"is_managed" : "false",
"native_address" : "0x7ff806fdab19",
"native_offset" : "0x00000"
}
,
{
"is_managed" : "false",
"native_address" : "0x102d96397",
"native_offset" : "0x00000"
}
,
{
"is_managed" : "false",
"native_address" : "0x102d7727f",
"native_offset" : "0x00000"
}
,
{
"is_managed" : "false",
"native_address" : "0x102d9671e",
"native_offset" : "0x00000"
}
,
{
"is_managed" : "false",
"native_address" : "0x102d967d2",
"native_offset" : "0x00000"
}
,
{
"is_managed" : "false",
"native_address" : "0x102bf2066",
"native_offset" : "0x00000"
}
,
{
"is_managed" : "false",
"native_address" : "0x102bf2579",
"native_offset" : "0x00000"
}
,
{
"is_managed" : "false",
"native_address" : "0x102cacc2c",
"native_offset" : "0x00000"
}
,
{
"is_managed" : "false",
"native_address" : "0x102c4d898",
"native_offset" : "0x00000"
}
,
{
"is_managed" : "true",
"guid" : "2DBEFA87-77EF-42F6-960C-4D68F040AB92",
"token" : "0x00000",
"native_offset" : "0x0",
"filename" : "System.dll",
"sizeofimage" : "0x290000",
"timestamp" : "0xaf2b192e",
"il_offset" : "0x00000"
}
,
{
"is_managed" : "true",
"guid" : "2DBEFA87-77EF-42F6-960C-4D68F040AB92",
"token" : "0x6002740",
"native_offset" : "0x0",
"filename" : "System.dll",
"sizeofimage" : "0x290000",
"timestamp" : "0xaf2b192e",
"il_offset" : "0x00000"
}
,
{
"is_managed" : "true",
"guid" : "55ADAE45-46CD-485B-A70E-2948332EBE8C",
"token" : "0x600249a",
"native_offset" : "0x0",
"filename" : "mscorlib.dll",
"sizeofimage" : "0x474000",
"timestamp" : "0xcdf122ed",
"il_offset" : "0x00000"
}
,
{
"is_managed" : "true",
"guid" : "55ADAE45-46CD-485B-A70E-2948332EBE8C",
"token" : "0x6004617",
"native_offset" : "0x0",
"filename" : "mscorlib.dll",
"sizeofimage" : "0x474000",
"timestamp" : "0xcdf122ed",
"il_offset" : "0x00000"
}
,
{
"is_managed" : "true",
"guid" : "2DBEFA87-77EF-42F6-960C-4D68F040AB92",
"token" : "0x6002023",
"native_offset" : "0x0",
"filename" : "System.dll",
"sizeofimage" : "0x290000",
"timestamp" : "0xaf2b192e",
"il_offset" : "0x00000"
}
,
{
"is_managed" : "true",
"guid" : "55ADAE45-46CD-485B-A70E-2948332EBE8C",
"token" : "0x6004622",
"native_offset" : "0x0",
"filename" : "mscorlib.dll",
"sizeofimage" : "0x474000",
"timestamp" : "0xcdf122ed",
"il_offset" : "0x00000"
}
,
{
"is_managed" : "true",
"guid" : "2DBEFA87-77EF-42F6-960C-4D68F040AB92",
"token" : "0x6002025",
"native_offset" : "0x0",
"filename" : "System.dll",
"sizeofimage" : "0x290000",
"timestamp" : "0xaf2b192e",
"il_offset" : "0x00000"
}
,
{
"is_managed" : "true",
"guid" : "55ADAE45-46CD-485B-A70E-2948332EBE8C",
"token" : "0x600460d",
"native_offset" : "0x0",
"filename" : "mscorlib.dll",
"sizeofimage" : "0x474000",
"timestamp" : "0xcdf122ed",
"il_offset" : "0x00000"
}
,
{
"is_managed" : "true",
"guid" : "2DBEFA87-77EF-42F6-960C-4D68F040AB92",
"token" : "0x600208c",
"native_offset" : "0x0",
"filename" : "System.dll",
"sizeofimage" : "0x290000",
"timestamp" : "0xaf2b192e",
"il_offset" : "0x00000"
}
,
{
"is_managed" : "true",
"guid" : "2DBEFA87-77EF-42F6-960C-4D68F040AB92",
"token" : "0x60040ff",
"native_offset" : "0x0",
"filename" : "System.dll",
"sizeofimage" : "0x290000",
"timestamp" : "0xaf2b192e",
"il_offset" : "0x00000"
}
,
{
"is_managed" : "true",
"guid" : "2DBEFA87-77EF-42F6-960C-4D68F040AB92",
"token" : "0x6004106",
"native_offset" : "0x0",
"filename" : "System.dll",
"sizeofimage" : "0x290000",
"timestamp" : "0xaf2b192e",
"il_offset" : "0x00000"
}
,
{
"is_managed" : "true",
"guid" : "55ADAE45-46CD-485B-A70E-2948332EBE8C",
"token" : "0x6004617",
"native_offset" : "0x0",
"filename" : "mscorlib.dll",
"sizeofimage" : "0x474000",
"timestamp" : "0xcdf122ed",
"il_offset" : "0x00000"
}
,
{
"is_managed" : "true",
"guid" : "2DBEFA87-77EF-42F6-960C-4D68F040AB92",
"token" : "0x6001fe5",
"native_offset" : "0x0",
"filename" : "System.dll",
"sizeofimage" : "0x290000",
"timestamp" : "0xaf2b192e",
"il_offset" : "0x00000"
}
,
{
"is_managed" : "true",
"guid" : "(null)",
"token" : "0x00000",
"native_offset" : "0x0",
"filename" : "(null)",
"sizeofimage" : "0x0",
"timestamp" : "0x0",
"il_offset" : "0x00000"
}
,
{
"is_managed" : "true",
"guid" : "(null)",
"token" : "0x00000",
"native_offset" : "0x0",
"filename" : "(null)",
"sizeofimage" : "0x0",
"timestamp" : "0x0",
"il_offset" : "0x00000"
}
,
{
"is_managed" : "true",
"guid" : "(null)",
"token" : "0x00000",
"native_offset" : "0x0",
"filename" : "(null)",
"sizeofimage" : "0x0",
"timestamp" : "0x0",
"il_offset" : "0x00000"
}
,
{
"is_managed" : "true",
"guid" : "(null)",
"token" : "0x00000",
"native_offset" : "0x0",
"filename" : "(null)",
"sizeofimage" : "0x0",
"timestamp" : "0x0",
"il_offset" : "0x00000"
}
,
{
"is_managed" : "false",
"native_address" : "0x102a8eae2",
"native_offset" : "0x00000"
}
,
{
"is_managed" : "false",
"native_address" : "0x102c9e342",
"native_offset" : "0x00000"
}
,
{
"is_managed" : "false",
"native_address" : "0x102cca1c7",
"native_offset" : "0x00000"
}
,
{
"is_managed" : "false",
"native_address" : "0x102bfdf88",
"native_offset" : "0x00000"
}
,
{
"is_managed" : "false",
"native_address" : "0x102cc76ed",
"native_offset" : "0x00000"
}
,
{
"is_managed" : "false",
"native_address" : "0x7ff8070ba253",
"native_offset" : "0x00000"
}
,
{
"is_managed" : "false",
"native_address" : "0x7ff8070b5bef",
"native_offset" : "0x00000"
}

]
},
{
"is_managed" : false,
"offset_free_hash" : "0x0",
"offset_rich_hash" : "0x0",
"crashed" : false,
"native_thread_id" : "0x700008e70000",
"thread_info_addr" : "0x7fea6bc41000",
"thread_name" : "Thread Pool Worker",
"ctx" : {
"IP" : "0x7ff807078ea2",
"SP" : "0x700008e6fe98",
"BP" : "0x700008e6ff00"
},
"unmanaged_frames" : [
{
"is_managed" : "false",
"native_address" : "0x102b2c346",
"native_offset" : "0x00000"
}
,
{
"is_managed" : "false",
"native_address" : "0x102cc6aa5",
"native_offset" : "0x00000"
}
,
{
"is_managed" : "false",
"native_address" : "0x102cc67d7",
"native_offset" : "0x00000"
}
,
{
"is_managed" : "false",
"native_address" : "0x102b97ce0",
"native_offset" : "0x00000"
}
,
{
"is_managed" : "false",
"native_address" : "0x7ff8070f0e1d",
"native_offset" : "0x00000"
}
,
{
"is_managed" : "false",
"native_address" : "0x104792828",
"native_offset" : "0x00000"
}
,
{
"is_managed" : "false",
"native_address" : "0x102cc76ed",
"native_offset" : "0x00000"
}
,
{
"is_managed" : "false",
"native_address" : "0x7ff8070ba253",
"native_offset" : "0x00000"
}
,
{
"is_managed" : "false",
"native_address" : "0x7ff8070b5bef",
"native_offset" : "0x00000"
}

]
},
{
"is_managed" : true,
"offset_free_hash" : "0x651b6f7ea",
"offset_rich_hash" : "0x651b6f8e9",
"crashed" : false,
"native_thread_id" : "0x700009479000",
"thread_info_addr" : "0x7fea6a011a00",
"thread_name" : "tid_5203",
"ctx" : {
"IP" : "0x7ff80707c622",
"SP" : "0x700009478608",
"BP" : "0x700009478670"
},
"managed_frames" : [
{
"is_managed" : "false",
"native_address" : "unregistered"
}
,
{
"is_managed" : "true",
"guid" : "2DBEFA87-77EF-42F6-960C-4D68F040AB92",
"token" : "0x00000",
"native_offset" : "0x0",
"filename" : "System.dll",
"sizeofimage" : "0x290000",
"timestamp" : "0xaf2b192e",
"il_offset" : "0x00000"
}
,
{
"is_managed" : "true",
"guid" : "2DBEFA87-77EF-42F6-960C-4D68F040AB92",
"token" : "0x6002758",
"native_offset" : "0x0",
"filename" : "System.dll",
"sizeofimage" : "0x290000",
"timestamp" : "0xaf2b192e",
"il_offset" : "0x0000c"
}
,
{
"is_managed" : "true",
"guid" : "2DBEFA87-77EF-42F6-960C-4D68F040AB92",
"token" : "0x600274b",
"native_offset" : "0x0",
"filename" : "System.dll",
"sizeofimage" : "0x290000",
"timestamp" : "0xaf2b192e",
"il_offset" : "0x0002e"
}
,
{
"is_managed" : "true",
"guid" : "2DBEFA87-77EF-42F6-960C-4D68F040AB92",
"token" : "0x600274e",
"native_offset" : "0x0",
"filename" : "System.dll",
"sizeofimage" : "0x290000",
"timestamp" : "0xaf2b192e",
"il_offset" : "0x0000d"
}
,
{
"is_managed" : "true",
"guid" : "2DBEFA87-77EF-42F6-960C-4D68F040AB92",
"token" : "0x6002683",
"native_offset" : "0x0",
"filename" : "System.dll",
"sizeofimage" : "0x290000",
"timestamp" : "0xaf2b192e",
"il_offset" : "0x0004d"
}
,
{
"is_managed" : "true",
"guid" : "2DBEFA87-77EF-42F6-960C-4D68F040AB92",
"token" : "0x6002684",
"native_offset" : "0x0",
"filename" : "System.dll",
"sizeofimage" : "0x290000",
"timestamp" : "0xaf2b192e",
"il_offset" : "0x0000a"
}
,
{
"is_managed" : "true",
"guid" : "4B5238B4-78E1-44BC-9E2C-6DDD55F12FE7",
"token" : "0x600008d",
"native_offset" : "0x0",
"filename" : "MonoDevelop.MSBuildBuilder.exe",
"sizeofimage" : "0x1e000",
"timestamp" : "0xe9fddf4f",
"il_offset" : "0x0000c"
}
,
{
"is_managed" : "true",
"guid" : "55ADAE45-46CD-485B-A70E-2948332EBE8C",
"token" : "0x6001ecb",
"native_offset" : "0x0",
"filename" : "mscorlib.dll",
"sizeofimage" : "0x474000",
"timestamp" : "0xcdf122ed",
"il_offset" : "0x0002b"
}
,
{
"is_managed" : "true",
"guid" : "55ADAE45-46CD-485B-A70E-2948332EBE8C",
"token" : "0x00000",
"native_offset" : "0x0",
"filename" : "mscorlib.dll",
"sizeofimage" : "0x474000",
"timestamp" : "0xcdf122ed",
"il_offset" : "0x0002a"
}

],
"unmanaged_frames" : [
{
"is_managed" : "false",
"native_address" : "0x102b2c346",
"native_offset" : "0x00000"
}
,
{
"is_managed" : "false",
"native_address" : "0x102cc6aa5",
"native_offset" : "0x00000"
}
,
{
"is_managed" : "false",
"native_address" : "0x102cc67d7",
"native_offset" : "0x00000"
}
,
{
"is_managed" : "false",
"native_address" : "0x102b97ce0",
"native_offset" : "0x00000"
}
,
{
"is_managed" : "false",
"native_address" : "0x7ff8070f0e1d",
"native_offset" : "0x00000"
}
,
{
"is_managed" : "false",
"native_address" : "0x120000004000",
"native_offset" : "0x00000"
}
,
{
"is_managed" : "false",
"native_address" : "0x102bf2693",
"native_offset" : "0x00000"
}
,
{
"is_managed" : "false",
"native_address" : "0x102caccff",
"native_offset" : "0x00000"
}
,
{
"is_managed" : "false",
"native_address" : "0x102c4e0fa",
"native_offset" : "0x00000"
}
,
{
"is_managed" : "true",
"guid" : "2DBEFA87-77EF-42F6-960C-4D68F040AB92",
"token" : "0x00000",
"native_offset" : "0x0",
"filename" : "System.dll",
"sizeofimage" : "0x290000",
"timestamp" : "0xaf2b192e",
"il_offset" : "0x00000"
}

]
},
{
"is_managed" : true,
"offset_free_hash" : "0x7cb437a42",
"offset_rich_hash" : "0x7cb437c52",
"crashed" : false,
"native_thread_id" : "0x70000af66000",
"thread_info_addr" : "0x7fea6e199400",
"thread_name" : "RequestBuilder thread",
"ctx" : {
"IP" : "0x7ff80707baaa",
"SP" : "0x70000af65428",
"BP" : "0x70000af654c0"
},
"managed_frames" : [
{
"is_managed" : "false",
"native_address" : "unregistered"
}
,
{
"is_managed" : "true",
"guid" : "55ADAE45-46CD-485B-A70E-2948332EBE8C",
"token" : "0x00000",
"native_offset" : "0x0",
"filename" : "mscorlib.dll",
"sizeofimage" : "0x474000",
"timestamp" : "0xcdf122ed",
"il_offset" : "0x00000"
}
,
{
"is_managed" : "true",
"guid" : "55ADAE45-46CD-485B-A70E-2948332EBE8C",
"token" : "0x6001efb",
"native_offset" : "0x0",
"filename" : "mscorlib.dll",
"sizeofimage" : "0x474000",
"timestamp" : "0xcdf122ed",
"il_offset" : "0x00000"
}
,
{
"is_managed" : "true",
"guid" : "55ADAE45-46CD-485B-A70E-2948332EBE8C",
"token" : "0x6001e4a",
"native_offset" : "0x0",
"filename" : "mscorlib.dll",
"sizeofimage" : "0x474000",
"timestamp" : "0xcdf122ed",
"il_offset" : "0x000d9"
}
,
{
"is_managed" : "true",
"guid" : "2DBEFA87-77EF-42F6-960C-4D68F040AB92",
"token" : "0x6003c4c",
"native_offset" : "0x0",
"filename" : "System.dll",
"sizeofimage" : "0x290000",
"timestamp" : "0xaf2b192e",
"il_offset" : "0x00067"
}
,
{
"is_managed" : "true",
"guid" : "2DBEFA87-77EF-42F6-960C-4D68F040AB92",
"token" : "0x6004346",
"native_offset" : "0x0",
"filename" : "System.dll",
"sizeofimage" : "0x290000",
"timestamp" : "0xaf2b192e",
"il_offset" : "0x0004d"
}
,
{
"is_managed" : "true",
"guid" : "6F1AC64B-3624-4345-9AE7-E79676B4C67F",
"token" : "0x600248c",
"native_offset" : "0x0",
"filename" : "Microsoft.Build.dll",
"sizeofimage" : "0x202000",
"timestamp" : "0xac7b724b",
"il_offset" : "0x0002e"
}
,
{
"is_managed" : "true",
"guid" : "55ADAE45-46CD-485B-A70E-2948332EBE8C",
"token" : "0x6001ecb",
"native_offset" : "0x0",
"filename" : "mscorlib.dll",
"sizeofimage" : "0x474000",
"timestamp" : "0xcdf122ed",
"il_offset" : "0x0002b"
}
,
{
"is_managed" : "true",
"guid" : "55ADAE45-46CD-485B-A70E-2948332EBE8C",
"token" : "0x00000",
"native_offset" : "0x0",
"filename" : "mscorlib.dll",
"sizeofimage" : "0x474000",
"timestamp" : "0xcdf122ed",
"il_offset" : "0x0002a"
}

],
"unmanaged_frames" : [
{
"is_managed" : "false",
"native_address" : "0x102b2c346",
"native_offset" : "0x00000"
}
,
{
"is_managed" : "false",
"native_address" : "0x102cc6aa5",
"native_offset" : "0x00000"
}
,
{
"is_managed" : "false",
"native_address" : "0x102cc67d7",
"native_offset" : "0x00000"
}
,
{
"is_managed" : "false",
"native_address" : "0x102b97ce0",
"native_offset" : "0x00000"
}
,
{
"is_managed" : "false",
"native_address" : "0x7ff8070f0e1d",
"native_offset" : "0x00000"
}
,
{
"is_managed" : "false",
"native_address" : "unregistered"
}
,
{
"is_managed" : "false",
"native_address" : "0x102d7f330",
"native_offset" : "0x00000"
}
,
{
"is_managed" : "false",
"native_address" : "0x102ce5f49",
"native_offset" : "0x00000"
}
,
{
"is_managed" : "false",
"native_address" : "0x102ce5e11",
"native_offset" : "0x00000"
}
,
{
"is_managed" : "false",
"native_address" : "0x102d1c3ac",
"native_offset" : "0x00000"
}
,
{
"is_managed" : "false",
"native_address" : "0x102c58691",
"native_offset" : "0x00000"
}
,
{
"is_managed" : "true",
"guid" : "55ADAE45-46CD-485B-A70E-2948332EBE8C",
"token" : "0x00000",
"native_offset" : "0x0",
"filename" : "mscorlib.dll",
"sizeofimage" : "0x474000",
"timestamp" : "0xcdf122ed",
"il_offset" : "0x00000"
}
,
{
"is_managed" : "true",
"guid" : "(null)",
"token" : "0x00000",
"native_offset" : "0x0",
"filename" : "(null)",
"sizeofimage" : "0x0",
"timestamp" : "0x0",
"il_offset" : "0x00000"
}
,
{
"is_managed" : "true",
"guid" : "2DBEFA87-77EF-42F6-960C-4D68F040AB92",
"token" : "0x6003c4c",
"native_offset" : "0x0",
"filename" : "System.dll",
"sizeofimage" : "0x290000",
"timestamp" : "0xaf2b192e",
"il_offset" : "0x00000"
}
,
{
"is_managed" : "true",
"guid" : "2DBEFA87-77EF-42F6-960C-4D68F040AB92",
"token" : "0x6004346",
"native_offset" : "0x0",
"filename" : "System.dll",
"sizeofimage" : "0x290000",
"timestamp" : "0xaf2b192e",
"il_offset" : "0x00000"
}
,
{
"is_managed" : "true",
"guid" : "6F1AC64B-3624-4345-9AE7-E79676B4C67F",
"token" : "0x600248c",
"native_offset" : "0x0",
"filename" : "Microsoft.Build.dll",
"sizeofimage" : "0x202000",
"timestamp" : "0xac7b724b",
"il_offset" : "0x00000"
}
,
{
"is_managed" : "true",
"guid" : "(null)",
"token" : "0x00000",
"native_offset" : "0x0",
"filename" : "(null)",
"sizeofimage" : "0x0",
"timestamp" : "0x0",
"il_offset" : "0x00000"
}
,
{
"is_managed" : "true",
"guid" : "(null)",
"token" : "0x00000",
"native_offset" : "0x0",
"filename" : "(null)",
"sizeofimage" : "0x0",
"timestamp" : "0x0",
"il_offset" : "0x00000"
}
,
{
"is_managed" : "false",
"native_address" : "0x102a8eae2",
"native_offset" : "0x00000"
}
,
{
"is_managed" : "false",
"native_address" : "0x102c9c967",
"native_offset" : "0x00000"
}
,
{
"is_managed" : "false",
"native_address" : "0x102ca3210",
"native_offset" : "0x00000"
}
,
{
"is_managed" : "false",
"native_address" : "0x102cc772d",
"native_offset" : "0x00000"
}
,
{
"is_managed" : "false",
"native_address" : "0x7ff8070ba253",
"native_offset" : "0x00000"
}
,
{
"is_managed" : "false",
"native_address" : "0x7ff8070b5bef",
"native_offset" : "0x00000"
}

]
},
{
"is_managed" : true,
"offset_free_hash" : "0x38951564a",
"offset_rich_hash" : "0x3895156c3",
"crashed" : false,
"native_thread_id" : "0x70000ad20000",
"thread_info_addr" : "0x7fea6c9adc00",
"thread_name" : "tid_8503",
"ctx" : {
"IP" : "0x7ff80707baaa",
"SP" : "0x70000ad1ef58",
"BP" : "0x70000ad1eff0"
},
"managed_frames" : [
{
"is_managed" : "false",
"native_address" : "unregistered"
}
,
{
"is_managed" : "true",
"guid" : "55ADAE45-46CD-485B-A70E-2948332EBE8C",
"token" : "0x00000",
"native_offset" : "0x0",
"filename" : "mscorlib.dll",
"sizeofimage" : "0x474000",
"timestamp" : "0xcdf122ed",
"il_offset" : "0x00000"
}
,
{
"is_managed" : "true",
"guid" : "B8A69F0C-BD1E-489A-9FFC-35E66F9F7569",
"token" : "0x6000fca",
"native_offset" : "0x0",
"filename" : "Microsoft.VisualStudio.Telemetry.dll",
"sizeofimage" : "0xe2000",
"timestamp" : "0xa1137f1b",
"il_offset" : "0x00024"
}
,
{
"is_managed" : "true",
"guid" : "55ADAE45-46CD-485B-A70E-2948332EBE8C",
"token" : "0x6001ecb",
"native_offset" : "0x0",
"filename" : "mscorlib.dll",
"sizeofimage" : "0x474000",
"timestamp" : "0xcdf122ed",
"il_offset" : "0x0002b"
}
,
{
"is_managed" : "true",
"guid" : "55ADAE45-46CD-485B-A70E-2948332EBE8C",
"token" : "0x00000",
"native_offset" : "0x0",
"filename" : "mscorlib.dll",
"sizeofimage" : "0x474000",
"timestamp" : "0xcdf122ed",
"il_offset" : "0x0002a"
}

],
"unmanaged_frames" : [
{
"is_managed" : "false",
"native_address" : "0x102b2c346",
"native_offset" : "0x00000"
}
,
{
"is_managed" : "false",
"native_address" : "0x102cc6aa5",
"native_offset" : "0x00000"
}
,
{
"is_managed" : "false",
"native_address" : "0x102cc67d7",
"native_offset" : "0x00000"
}
,
{
"is_managed" : "false",
"native_address" : "0x102b97ce0",
"native_offset" : "0x00000"
}
,
{
"is_managed" : "false",
"native_address" : "0x7ff8070f0e1d",
"native_offset" : "0x00000"
}
,
{
"is_managed" : "false",
"native_address" : "unregistered"
}
,
{
"is_managed" : "false",
"native_address" : "0x102d7f314",
"native_offset" : "0x00000"
}
,
{
"is_managed" : "false",
"native_address" : "0x102ce5f49",
"native_offset" : "0x00000"
}
,
{
"is_managed" : "false",
"native_address" : "0x102ce5e11",
"native_offset" : "0x00000"
}
,
{
"is_managed" : "false",
"native_address" : "0x102ce6089",
"native_offset" : "0x00000"
}
,
{
"is_managed" : "false",
"native_address" : "0x102cc0d0d",
"native_offset" : "0x00000"
}
,
{
"is_managed" : "false",
"native_address" : "0x102c5a288",
"native_offset" : "0x00000"
}
,
{
"is_managed" : "true",
"guid" : "55ADAE45-46CD-485B-A70E-2948332EBE8C",
"token" : "0x00000",
"native_offset" : "0x0",
"filename" : "mscorlib.dll",
"sizeofimage" : "0x474000",
"timestamp" : "0xcdf122ed",
"il_offset" : "0x00000"
}
,
{
"is_managed" : "true",
"guid" : "(null)",
"token" : "0x00000",
"native_offset" : "0x0",
"filename" : "(null)",
"sizeofimage" : "0x0",
"timestamp" : "0x0",
"il_offset" : "0x00000"
}
,
{
"is_managed" : "true",
"guid" : "(null)",
"token" : "0x00000",
"native_offset" : "0x0",
"filename" : "(null)",
"sizeofimage" : "0x0",
"timestamp" : "0x0",
"il_offset" : "0x00000"
}
,
{
"is_managed" : "true",
"guid" : "(null)",
"token" : "0x00000",
"native_offset" : "0x0",
"filename" : "(null)",
"sizeofimage" : "0x0",
"timestamp" : "0x0",
"il_offset" : "0x00000"
}
,
{
"is_managed" : "true",
"guid" : "(null)",
"token" : "0x00000",
"native_offset" : "0x0",
"filename" : "(null)",
"sizeofimage" : "0x0",
"timestamp" : "0x0",
"il_offset" : "0x00000"
}
,
{
"is_managed" : "true",
"guid" : "(null)",
"token" : "0x00000",
"native_offset" : "0x0",
"filename" : "(null)",
"sizeofimage" : "0x0",
"timestamp" : "0x0",
"il_offset" : "0x00000"
}
,
{
"is_managed" : "true",
"guid" : "(null)",
"token" : "0x00000",
"native_offset" : "0x0",
"filename" : "(null)",
"sizeofimage" : "0x0",
"timestamp" : "0x0",
"il_offset" : "0x00000"
}
,
{
"is_managed" : "false",
"native_address" : "0x102a8eae2",
"native_offset" : "0x00000"
}
,
{
"is_managed" : "false",
"native_address" : "0x102c9c967",
"native_offset" : "0x00000"
}
,
{
"is_managed" : "false",
"native_address" : "0x102ca3210",
"native_offset" : "0x00000"
}
,
{
"is_managed" : "false",
"native_address" : "0x102cc772d",
"native_offset" : "0x00000"
}
,
{
"is_managed" : "false",
"native_address" : "0x7ff8070ba253",
"native_offset" : "0x00000"
}
,
{
"is_managed" : "false",
"native_address" : "0x7ff8070b5bef",
"native_offset" : "0x00000"
}

]
},
{
"is_managed" : false,
"offset_free_hash" : "0x0",
"offset_rich_hash" : "0x0",
"crashed" : false,
"native_thread_id" : "0x700008158000",
"thread_info_addr" : "0x7fea6b810200",
"thread_name" : "Finalizer",
"ctx" : {
"IP" : "0x7ff807078e8a",
"SP" : "0x700008157eb8",
"BP" : "0x700008157f00"
},
"unmanaged_frames" : [
{
"is_managed" : "false",
"native_address" : "0x102b2c346",
"native_offset" : "0x00000"
}
,
{
"is_managed" : "false",
"native_address" : "0x102cc6aa5",
"native_offset" : "0x00000"
}
,
{
"is_managed" : "false",
"native_address" : "0x102cc67d7",
"native_offset" : "0x00000"
}
,
{
"is_managed" : "false",
"native_address" : "0x102b97ce0",
"native_offset" : "0x00000"
}
,
{
"is_managed" : "false",
"native_address" : "0x7ff8070f0e1d",
"native_offset" : "0x00000"
}
,
{
"is_managed" : "false",
"native_address" : "unregistered"
}
,
{
"is_managed" : "false",
"native_address" : "0x102cc76ed",
"native_offset" : "0x00000"
}
,
{
"is_managed" : "false",
"native_address" : "0x7ff8070ba253",
"native_offset" : "0x00000"
}
,
{
"is_managed" : "false",
"native_address" : "0x7ff8070b5bef",
"native_offset" : "0x00000"
}

]
},
{
"is_managed" : true,
"offset_free_hash" : "0x7cb437a42",
"offset_rich_hash" : "0x7cb437c52",
"crashed" : false,
"native_thread_id" : "0x70000b56f000",
"thread_info_addr" : "0x7fea6c9b6000",
"thread_name" : "RequestBuilder thread",
"ctx" : {
"IP" : "0x7ff80707baaa",
"SP" : "0x70000b56e428",
"BP" : "0x70000b56e4c0"
},
"managed_frames" : [
{
"is_managed" : "false",
"native_address" : "unregistered"
}
,
{
"is_managed" : "true",
"guid" : "55ADAE45-46CD-485B-A70E-2948332EBE8C",
"token" : "0x00000",
"native_offset" : "0x0",
"filename" : "mscorlib.dll",
"sizeofimage" : "0x474000",
"timestamp" : "0xcdf122ed",
"il_offset" : "0x00000"
}
,
{
"is_managed" : "true",
"guid" : "55ADAE45-46CD-485B-A70E-2948332EBE8C",
"token" : "0x6001efb",
"native_offset" : "0x0",
"filename" : "mscorlib.dll",
"sizeofimage" : "0x474000",
"timestamp" : "0xcdf122ed",
"il_offset" : "0x00000"
}
,
{
"is_managed" : "true",
"guid" : "55ADAE45-46CD-485B-A70E-2948332EBE8C",
"token" : "0x6001e4a",
"native_offset" : "0x0",
"filename" : "mscorlib.dll",
"sizeofimage" : "0x474000",
"timestamp" : "0xcdf122ed",
"il_offset" : "0x000d9"
}
,
{
"is_managed" : "true",
"guid" : "2DBEFA87-77EF-42F6-960C-4D68F040AB92",
"token" : "0x6003c4c",
"native_offset" : "0x0",
"filename" : "System.dll",
"sizeofimage" : "0x290000",
"timestamp" : "0xaf2b192e",
"il_offset" : "0x00067"
}
,
{
"is_managed" : "true",
"guid" : "2DBEFA87-77EF-42F6-960C-4D68F040AB92",
"token" : "0x6004346",
"native_offset" : "0x0",
"filename" : "System.dll",
"sizeofimage" : "0x290000",
"timestamp" : "0xaf2b192e",
"il_offset" : "0x0004d"
}
,
{
"is_managed" : "true",
"guid" : "6F1AC64B-3624-4345-9AE7-E79676B4C67F",
"token" : "0x600248c",
"native_offset" : "0x0",
"filename" : "Microsoft.Build.dll",
"sizeofimage" : "0x202000",
"timestamp" : "0xac7b724b",
"il_offset" : "0x0002e"
}
,
{
"is_managed" : "true",
"guid" : "55ADAE45-46CD-485B-A70E-2948332EBE8C",
"token" : "0x6001ecb",
"native_offset" : "0x0",
"filename" : "mscorlib.dll",
"sizeofimage" : "0x474000",
"timestamp" : "0xcdf122ed",
"il_offset" : "0x0002b"
}
,
{
"is_managed" : "true",
"guid" : "55ADAE45-46CD-485B-A70E-2948332EBE8C",
"token" : "0x00000",
"native_offset" : "0x0",
"filename" : "mscorlib.dll",
"sizeofimage" : "0x474000",
"timestamp" : "0xcdf122ed",
"il_offset" : "0x0002a"
}

],
"unmanaged_frames" : [
{
"is_managed" : "false",
"native_address" : "0x102b2c346",
"native_offset" : "0x00000"
}
,
{
"is_managed" : "false",
"native_address" : "0x102cc6aa5",
"native_offset" : "0x00000"
}
,
{
"is_managed" : "false",
"native_address" : "0x102cc67d7",
"native_offset" : "0x00000"
}
,
{
"is_managed" : "false",
"native_address" : "0x102b97ce0",
"native_offset" : "0x00000"
}
,
{
"is_managed" : "false",
"native_address" : "0x7ff8070f0e1d",
"native_offset" : "0x00000"
}
,
{
"is_managed" : "false",
"native_address" : "0xa18b86b08051006e",
"native_offset" : "0x00000"
}
,
{
"is_managed" : "false",
"native_address" : "0x102d7f330",
"native_offset" : "0x00000"
}
,
{
"is_managed" : "false",
"native_address" : "0x102ce5f49",
"native_offset" : "0x00000"
}
,
{
"is_managed" : "false",
"native_address" : "0x102ce5e11",
"native_offset" : "0x00000"
}
,
{
"is_managed" : "false",
"native_address" : "0x102d1c3ac",
"native_offset" : "0x00000"
}
,
{
"is_managed" : "false",
"native_address" : "0x102c58691",
"native_offset" : "0x00000"
}
,
{
"is_managed" : "true",
"guid" : "55ADAE45-46CD-485B-A70E-2948332EBE8C",
"token" : "0x00000",
"native_offset" : "0x0",
"filename" : "mscorlib.dll",
"sizeofimage" : "0x474000",
"timestamp" : "0xcdf122ed",
"il_offset" : "0x00000"
}
,
{
"is_managed" : "true",
"guid" : "(null)",
"token" : "0x00000",
"native_offset" : "0x0",
"filename" : "(null)",
"sizeofimage" : "0x0",
"timestamp" : "0x0",
"il_offset" : "0x00000"
}
,
{
"is_managed" : "true",
"guid" : "2DBEFA87-77EF-42F6-960C-4D68F040AB92",
"token" : "0x6003c4c",
"native_offset" : "0x0",
"filename" : "System.dll",
"sizeofimage" : "0x290000",
"timestamp" : "0xaf2b192e",
"il_offset" : "0x00000"
}
,
{
"is_managed" : "true",
"guid" : "2DBEFA87-77EF-42F6-960C-4D68F040AB92",
"token" : "0x6004346",
"native_offset" : "0x0",
"filename" : "System.dll",
"sizeofimage" : "0x290000",
"timestamp" : "0xaf2b192e",
"il_offset" : "0x00000"
}
,
{
"is_managed" : "true",
"guid" : "6F1AC64B-3624-4345-9AE7-E79676B4C67F",
"token" : "0x600248c",
"native_offset" : "0x0",
"filename" : "Microsoft.Build.dll",
"sizeofimage" : "0x202000",
"timestamp" : "0xac7b724b",
"il_offset" : "0x00000"
}
,
{
"is_managed" : "true",
"guid" : "(null)",
"token" : "0x00000",
"native_offset" : "0x0",
"filename" : "(null)",
"sizeofimage" : "0x0",
"timestamp" : "0x0",
"il_offset" : "0x00000"
}
,
{
"is_managed" : "true",
"guid" : "(null)",
"token" : "0x00000",
"native_offset" : "0x0",
"filename" : "(null)",
"sizeofimage" : "0x0",
"timestamp" : "0x0",
"il_offset" : "0x00000"
}
,
{
"is_managed" : "false",
"native_address" : "0x102a8eae2",
"native_offset" : "0x00000"
}
,
{
"is_managed" : "false",
"native_address" : "0x102c9c967",
"native_offset" : "0x00000"
}
,
{
"is_managed" : "false",
"native_address" : "0x102ca3210",
"native_offset" : "0x00000"
}
,
{
"is_managed" : "false",
"native_address" : "0x102cc772d",
"native_offset" : "0x00000"
}
,
{
"is_managed" : "false",
"native_address" : "0x7ff8070ba253",
"native_offset" : "0x00000"
}
,
{
"is_managed" : "false",
"native_address" : "0x7ff8070b5bef",
"native_offset" : "0x00000"
}

]
}
]
}